netflix_id,imdb_id,title
81218363,tt9614988,Sillu Karuppatti
70272846,tt2751904,30 for 30: Survive and Advance
81086533,tt1606375,Downton Abbey
81281469,tt8784906,Ani... Dr. Kashinath Ghanekar
81327516,tt0073486,One
70137756,tt1493943,30 for 30: The Two Escobars
70170093,tt1738398,30 for 30: Once Brothers
879522,tt0054215,Psycho
70170051,tt1424432,Senna
70299275,tt2582802,Whiplash
557010,tt0095327,Grave of the Fireflies
80232329,tt8716334,Springsteen on Broadway
70024111,tt0364569,Oldboy
80031666,tt4908644,Winter on Fire
80231412,tt7681902,Won&#39;t You Be My Neighbor?
81153955,tt6611916,Kingdom
60029681,tt0086250,Scarface
60034545,tt0338013,Eternal Sunshine of the Spotless Mind
80033772,tt3302820,Cowspiracy
80016401,tt3521134,The Look of Silence
80134781,tt6900644,Hasan Minhaj: Homecoming King
81046255,tt7661396,Joy
81082125,tt10746342,Our Planet - Behind The Scenes
81140931,tt8579674,1917
80009431,tt3455224,Virunga
70271652,tt2375605,The Act of Killing: Theatrical Cut
70298251,tt2246779,John Mulaney: New in Town
80032081,tt3322420,Queen
80091741,tt5895028,13TH
907090,tt0079807,Richard Pryor: Live in Concert
80068117,tt4430212,Drishyam
80126449,tt7320560,Cuba and the Cameraman
81013200,tt7581572,Sudani from Nigeria
70123126,tt1620933,Paan Singh Tomar
80994020,tt7895824,The Son
81154455,tt10324144,Article 15
81060174,tt10847306,Bill Burr: Paper Tiger
81256436,tt11506054,Uma Maheswara Ugra Roopasya
81362636,tt7885874,Cemara&#39;s Family
81497301,tt9695156,27 Steps of May
81247686,tt1663641,Face Off
70267802,tt2545118,Blackfish
80002621,tt3958494,Jim Jefferies : BARE
994992,tt0092005,Stand by Me
70219525,tt2082197,Barfi!
431994,tt0077416,The Deer Hunter
70241118,tt2070649,Silenced
80168188,tt6333054,Chasing Coral
70303432,tt3390572,Haider
70303496,tt2338151,PK
70139542,tt1639426,Udaan
70107499,tt1280558,A Wednesday
60024788,tt0169858,The End of Evangelion
60021525,tt0292490,Dil Chahta Hai
81122408,tt10851618,Rising Phoenix
81002196,tt0032976,Rebecca
81310261,tt2267998,Girl&#39;s Revenge
80994666,tt0425674,We Can Be Heroes
81520452,tt6646960,Facing Mecca
19759334,tt0105271,Roja
70031975,tt0375611,Black
27748788,tt0116630,Indian
70299904,tt3445270,The Battered Bastards of Baseball
70143440,tt0439856,Trailer Park Boys: Xmas Special
70144811,tt1199479,30 for 30: The U
60034937,tt0096257,The Thin Blue Line
80037110,tt4257858,Going Clear: Scientology and the Prison of Belief
60036735,tt0347304,Kal Ho Naa Ho
80075823,tt4618398,Boruto: Naruto the Movie
7774426,tt0114996,"Chinese Odyssey (Part II), A"
81016191,tt7218518,Pad Man
80109551,tt9316022,Struggle: The Life and Lost Art of Szukalski
81130373,tt9149838,El testigo
81178299,tt8367814,The Gentlemen
81254224,tt11464826,The Social Dilemma
81451264,tt13428402,STAND BY ME Doraemon 2
70057659,tt0473604,Anukokunda Oka Roju
70054161,tt0460394,Aithe
70304189,tt1324027,Trailer Park Boys: Say Goodnight to the Bad Guys
60027142,tt0299977,Hero
80096631,tt3544112,Sing Street
80168079,tt6333060,Icarus
80238110,tt8271714,John Mulaney: Kid Gorgeous at Radio City
80198443,tt2375379,One Piece Film Z
80169498,tt5726616,Call Me by Your Name
81052266,tt7797658,Awe
81112446,tt8130968,Badla
80175798,tt1302006,The Irishman
81438157,tt3203290,Free to Play
81643839,tt0240084,Thammudu
1116468,tt0118147,When We Were Kings
60036227,tt0332280,The Notebook
70060009,tt0765429,American Gangster
70170088,tt1704731,30 for 30: Pony Excess
70159333,tt1527788,The Man from Nowhere
70243460,tt1535109,Captain Phillips
60010399,tt0104348,Glengarry Glen Ross
80083594,tt5235348,Marco Polo: One Hundred Eyes
80064515,tt3460252,The Hateful Eight
70014613,tt0159511,Mobile Suit Gundam III: Encounters in Space
80163222,tt2580046,A Christmas Special: Miraculous: Tales of Ladybug and Cat Noir
80165849,tt5805252,Budhia Singh: Born to Run
80157083,tt0110222,Kabhi Haan Kabhi Naa
80168221,tt6987652,"Oh, Hello On Broadway"
374329,tt0112778,"Chinese Odyssey (Part I), A"
81020508,tt6452574,Sanju
81123050,tt7527082,Hamid
81050943,tt7335184,You&#39;ve Got This
81351501,tt12899858,Classmates Minus
70139371,tt0337902,Brother Outsider: The Life of Bayard Rustin
70065114,tt0381849,3:10 to Yuma
328438,tt0101507,Boyz n the Hood
80044545,tt1365050,Beasts of No Nation
80165854,tt1926313,Pyaar Ka Punchnama
70293703,tt2855648,Madras Caf&eacute;
80209608,tt7214762,"Jim and Andy: The Great Beyond - Featuring a Very Special, Contractually Obligated Mention of Tony Clifton"
70063017,tt0499375,Guru
80244547,tt7252000,Maktub
80170862,tt8106576,The Bleeding Edge
81016196,tt6485666,Mersal
80240715,tt6155172,ROMA
81010166,tt10050766,Bren&eacute; Brown: The Call to Courage
80221016,tt9577852,Rolling Thunder Revue: A Bob Dylan Story by Martin Scorsese
81137484,tt2475154,Elena
80214706,tt10915286,Tell Me Who I Am
81168282,tt10883506,A Sun
81085934,tt11763742,ROAD TO ROMA
235527,tt0098999,Agneepath
80014947,tt2290828,ROAD TO NINJA: NARUTO THE MOVIE
81260303,tt1899240,Material
81354555,tt0043606,Cops and Robbers
81312527,tt12397078,Little Big Women
81427455,tt11503178,Wild Dog
81444683,tt11503178,Wild Dog
81444684,tt11503178,Wild Dog
81444685,tt11503178,Wild Dog
81511591,tt6618178,The Grown-Ups
81644550,tt2258337,Eega
81643820,tt3835608,Oohalu Gusagusalade
81655175,tt1353183,The Powerpuff Girls Rule!!!
60000861,tt0144084,American Psycho
60033299,tt0289879,The Butterfly Effect
70084129,tt1151309,"Bigger, Stronger, Faster"
70308063,tt4284010,"What Happened, Miss Simone?"
70123542,tt1156398,Zombieland
70058023,tt0829482,Superbad
70011194,tt0383694,Vera Drake
80013891,tt3029556,Rurouni Kenshin: The Legend Ends
80013790,tt3029558,Rurouni Kenshin: Kyoto Inferno
70093699,tt0983213,5 Centimeters Per Second
70305907,tt2713180,Fury
80158042,tt5946128,Dear Zindagi
80037677,tt3717532,The Last: Naruto the Movie
80187307,tt7379330,Tom Segura: Disgraceful
17671454,tt0164538,Dil Se
80245442,tt6788942,Bad Genius
80998781,tt1485763,One Piece Film: Strong World
70090035,tt0449994,Jodhaa Akbar
70123119,tt1324059,Wake Up Sid
80142090,tt3890160,Baby Driver
70185139,tt1714832,Do Dooni Chaar
81004245,tt6752992,Happy as Lazzaro
81013509,tt8219520,"Ayotzinapa, el paso de la tortuga"
80187471,tt6734886,Power Paandi
80185375,tt6792282,A Twelve Year Night
80200047,tt7533152,The Boy Who Harnessed the Wind
81015498,tt7282468,Burning
81051689,tt7745068,My Hero Academia: Two Heroes
80238013,tt10924716,The Crystal Calls Making the Dark Crystal: Age of Resistance
81120982,tt9806192,I Lost My Body
80174451,tt8404614,The Two Popes
81035731,tt8894180,Aruna and Her Palate
80078739,tt4939436,Magnificent
81281581,tt7464158,PhotoCopy
81304894,tt2582782,High &amp; Low The Movie
81304896,tt2582782,High &amp; Low The Movie 2 / End of Sky
81304897,tt2582782,High &amp; Low The Movie 3 / Final Mission
81304899,tt2582782,High &amp; Low The Worst
81287052,tt11394298,The Mole Agent
81599096,tt3510372,Excuse My French
308926,tt0056869,The Birds
81747870,tt8956926,Ahead of the Curve
70056440,tt0892737,300
70257412,tt2347569,Frances Ha
60036246,tt0369339,Collateral
70293105,tt1979319,Rurouni Kenshin
70012785,tt0385004,House of Flying Daggers
70301350,tt3316960,Still Alice
80013278,tt1020072,Selma
60035870,tt0110076,Hum Aapke Hain Koun
70309680,tt3499048,G&uuml;eros
80077923,tt4970632,Tom Segura: Mostly Stories
70014612,tt0159510,Mobile Suit Gundam II: Soldiers of Sorrow
80106791,tt0191182,Hitler - A Career
80141173,tt5089786,100 Metros
499612,tt0097351,Field of Dreams
80203522,tt7588584,Barbra: The Music ... The Mem&#39;ries ... The Magic!
81016193,tt6967980,Bareilly Ki Barfi
80203094,tt4078252,City of Joy
80124722,tt6893836,They&rsquo;ll Love Me When I&rsquo;m Dead
81008536,tt9416906,Aggretsuko: We Wish You a Metal Christmas
80240085,tt6499752,Upgrade
80195447,tt5776858,Phantom Thread
81058497,tt11168100,Seth Meyers: Lobby Baby
81037373,tt8902990,The Sky Is Pink
81140307,tt7541708,Posesif
81320070,tt9307666,Ave Maryam
81281554,tt7867076,Aapla Manus
81324411,tt1433811,Disconnect
81043755,tt1070874,The Trial of the Chicago 7
81019033,tt6365796,Grizzlies
81643825,tt1185833,Pressure Cooker
81679590,tt11744496,One Piece Episode of Skypiea
80175334,tt6299040,The Ghazi Attack
80011852,tt3692768,The Other One: The Long Strange Trip of Bob Weir
70154110,tt1422032,Even the Rain
70290567,tt2466830,The Short Game
70021655,tt0910971,Wallace and Gromit: The Curse of the Were-Rabbit
70170060,tt1675192,Take Shelter
70206816,tt0090589,Adam: His Song Continues
70206824,tt0103123,Triumph of the Heart
70206820,tt0098237,The Ryan White Story
60036750,tt0248126,Kabhi Khushi Kabhie Gham
70128549,tt1337032,Trailer Park Boys: Countdown to Liquor Day
60020904,tt0212815,Big Eden
80038447,tt1798684,Southpaw
70001564,tt0382383,Yuva
80115031,tt4730986,Divines
60024179,tt0095262,Mobile Suit Gundam: Char&#39;s Counterattack
80114666,tt6714534,Get Me Roger Stone
80174177,tt5541848,What the Health
80187020,tt3854234,"El Patron, Radiografia de un crimen"
80117619,tt4572514,Patriots Day
80117454,tt7253506,Joan Didion: The Center Will Not Hold
80223050,tt7057496,Forgotten
81018141,tt0484275,Da Kath and Kim Code
70139072,tt1841542,Chillar Party
80223371,tt1289403,The Guernsey Literary and Potato Peel Pie Society
80192834,tt8948614,Reversing Roe
70117268,tt1274295,Kaminey
81019031,tt7690638,Soorma
80241061,tt7472352,Shirkers
81045891,tt8443704,Dear Ex
81074663,tt6939026,Period. End of Sentence.
81057229,tt8055888,The Man Who Feels No Pain
80189214,tt4555426,Darkest Hour
81090071,tt9351980,American Factory
80190588,tt6494358,Clive Davis: The Soundtrack of Our Lives
81078819,tt9243946,El Camino: A Breaking Bad Movie
81050375,tt11127056,Fire in Paradise
81070659,tt11248800,Ronny Chieng: Asian Comedian Destroys America!
81062369,tt6156138,37 Seconds
81157965,tt11738792,Taylor Tomlinson: Quarter-Life Crisis
81131714,tt10324166,Unbreakable Kimmy Schmidt: Kimmy vs. the Reverend
81002464,tt12187586,Father Soldier Son
81354909,tt9343754,Eeb Allay Ooo!
80203159,tt7159382,Fidaa
70157102,tt1596343,Fast Five
70299544,tt3516378,Miss Granny
70053123,tt0802948,An American Crime
80013274,tt1638355,The Man from U.N.C.L.E.
80133549,tt6184894,Bill Burr: Walk Your Way Out
70020750,tt0367089,The Squid and the Whale
80083589,tt4430136,Pyaar Ka Punchnama 2
80091936,tt3967856,Okja
80125671,tt4633690,Shot caller
80219143,tt6896078,Ladies First
80993655,tt8033592,Us and Them
80163050,tt5251328,One Piece Film: Gold
80087743,tt3148502,Tamasha
80239503,tt9060526,Mo Amer: The Vagabond
80200267,tt6412452,The Ballad of Buster Scruggs
80999643,tt6708116,Bad Seeds
81155803,tt10121762,Uriyadi 2
80182014,tt8526872,Dolemite Is My Name
80182016,tt7984766,The King
81160765,tt11064862,Sitara: Let Girls Dream
81270775,tt1396484,It&#39;s Her Day
80208955,tt6450186,I Can Only Imagine
81597220,tt6235122,Servant of the people
60031051,tt0175058,Powerpuff Girls: &#39;Twas The Fight Before Christmas
81630007,tt1396484,It&#39;s Us
81643752,tt3042926,Attarintiki Daredi
80032640,tt3970854,The Perfect Dictatorship
70299286,tt3456090,E-Team
60034571,tt0332452,Troy
60033343,tt0357413,Anchorman: The Legend of Ron Burgundy
60036164,tt0087538,The Karate Kid
70208247,tt1232829,21 Jump Street
80020312,tt4203334,30 for 30: Rand University
70069233,tt0425601,Trailer Park Boys: The Movie
70011210,tt0376541,Closer
60024908,tt0289765,Red Dragon
70002003,tt0390022,Friday Night Lights
60035933,tt0083929,Fast Times at Ridgemont High
80085438,tt0986354,Frank and Cindy
70305949,tt1809398,Unbroken
80041653,tt3922798,The Siege of Jadotville
80066073,tt4846318,Into the Inferno
80058700,tt2402927,Carol
80134969,tt6562866,Trevor Noah: Afraid of the Dark
80160081,tt0139615,Slam
80165855,tt1836912,Shaitan
70082633,tt0995031,Bhool Bhulaiyaa
80189623,tt5233558,The Death and Life of Marsha P. Johnson
80227304,tt7853242,Love Per Square Foot
966131,tt0090022,Silverado
80164904,tt6692354,Ittefaq
80228322,tt5877882,Sometimes
80239831,tt7820962,Zion
80203147,tt3846674,To All the Boys I&rsquo;ve Loved Before
80199962,tt5785170,Toilet: Ek Prem Katha
80168222,tt5536610,Private Life
81020161,tt8595708,Pulang
70139076,tt1734110,No One Killed Jessica
80239932,tt9170648,Trevor Noah: Son of Patricia
80095953,tt2950418,Greater
80988062,tt9495224,Black Mirror: Bandersnatch
81006261,tt9089294,The Seven Deadly Sins the Movie: Prisoners of the Sky
81023713,tt6078866,Soni
80987652,tt5740866,Whitney
80191045,tt9046564,ReMastered: The Two Killings of Sam Cooke
80224060,tt8041276,Paddleton
81108230,tt1809398,Unbroken
70059026,tt0461936,Don
81260649,tt8669070,Si Doel the Movie
70100560,tt0863091,Mukhsin
81600709,tt2326094,Aya
81600662,tt0898367,The Road
81599070,tt0417202,Tito
81660266,tt0064117,Cactus Flower
70064983,tt0827695,Amma Cheppindi
1179053,tt0120102,Seven Years in Tibet
70123920,tt1282140,Easy A
80019503,tt4294938,BoJack Horseman Christmas Special: Sabrina&#39;s Christmas Wish
80005444,tt3557464,Print the Legend
60029678,tt0088128,Sixteen Candles
60024922,tt0298203,8 Mile
80020313,tt4284192,30 for 30: The U Part 2
70239460,tt2318140,30 for 30: Broke
18171022,tt0120794,The Prince of Egypt
70298426,tt1450321,Filth
60021779,tt0266987,Spy Game
70263863,tt1905041,Fast and Furious 6
80037676,tt3824458,Tangerine
80022604,tt3499096,Race
80057278,tt2424988,Gabbar Is Back
80169348,tt6333072,Joshua: Teenager vs. Superpower
20257393,tt0056379,Professor
80117526,tt3470600,Sing
80170259,tt4899370,Megan Leavey
80226234,tt6769508,Steel Rain
80210691,tt7879350,End Game
70086565,tt1037116,One Piece: Episode of Alabasta
80998780,tt1206326,"One Piece: Episode of Chopper: Bloom in the Winter, Miracle Sakura"
81020839,tt8008382,Party Monster: Scratching the Surface
80216677,tt9077188,Derren Brown: Sacrifice
80199682,tt2990140,The Christmas Chronicles
80208328,tt5657856,Brawl in Cell Block 99
80227677,tt10050780,Anthony Jeselnik: Fire in the Maternity Ward
81012340,tt8459250,Sh&eacute;h&eacute;razade
81011598,tt9169592,Wanda Sykes: Not Normal
80201600,tt5969696,The Battleship Island
81107545,tt8983202,Kabir Singh
81244766,tt8976418,SETHUM AAYIRAM PON
70276515,tt2178470,Yeh Jawaani Hai Deewani
81273582,tt11531530,Varane Avashyamund
81273583,tt11199356,Bheeshma
81144457,tt8747548,Axone
81287844,tt10329134,Your Name Engraved Herein
81328723,tt11394170,Coded Bias
81463445,tt10622410,Dreamy Eyes
81618536,tt8442402,Knuckle City
81644423,tt1935881,Semi-Soet
81643823,tt1198349,Parugu
81499851,tt10540510,Inu-Oh
60001287,tt0120630,Chicken Run
70105699,tt1160524,Naruto Shippuden The Movie: Bonds
70298992,tt2294449,22 Jump Street
80100648,tt1355631,The Infiltrator
80184055,tt6081408,Resurface
80196586,tt7291268,Gaga: Five Foot Two
80158844,tt7321274,Kingdom of Us
80185765,tt1615160,The Foreigner
80175621,tt5439796,Logan Lucky
80209895,tt6089564,"Ram Dass, Going Home"
70000196,tt0347473,Main Hoon Na
81016192,tt7399470,Qarib Qarib Singlle
80148162,tt6116856,The Night Comes for Us
80230507,tt7829544,Angela&#39;s Christmas
80995991,tt9315848,Vir Das: Losing It
80169469,tt0800325,The Dirt
80191046,tt9046568,ReMastered: The Miami Showband Massacre
80216308,tt5610554,Tully
80191049,tt9046574,ReMastered: Devil at the Crossroads
80117542,tt9358204,The Great Hack
81091977,tt6172460,Rocko&#39;s Modern Life: Static Cling
81128579,tt8228288,The Platform
81260313,tt1286650,Thomas &amp; Friends: Marvelous Machinery: A New Arrival
81260314,tt1286650,Thomas &amp; Friends: Marvelous Machinery: World of Tomorrow
81260315,tt1286650,Thomas &amp; Friends: Thomas and the Royal Engine
81260648,tt10290062,Si Doel the Movie 2
81341307,tt0075299,Hospital
81505042,tt4178092,The Gift
81600613,tt0328349,Sleepless Nights
70018320,tt0213905,Crane World
81679591,tt6425816,One Piece Heart of Gold
81679588,tt6609162,One Piece Adventure of Nebulandia
